<?xml version="1.0" encoding="UTF-8"?>
<beans
	xmlns="http://www.springframework.org/schema/beans"
	xmlns:xsi="http://www.w3.org/2001/XMLSchema-instance"
	xmlns:p="http://www.springframework.org/schema/p"
	xsi:schemaLocation="http://www.springframework.org/schema/beans http://www.springframework.org/schema/beans/spring-beans-4.1.xsd">
	<bean id="dataSource"
		class="org.springframework.jdbc.datasource.DriverManagerDataSource">
		<property name="driverClassName" value="com.mysql.jdbc.Driver" />
		<property name="url" value="jdbc:mysql://Your_IP:3306/MySQL_Table_Name" />
		<property name="username" value="account" />
		<property name="password" value="passwd" />
	</bean>
	<bean id="connectDao"
			class="utils.SQLConnection">
			<property name="dataSource" ref="dataSource"/>
	</bean>

</beans>